Id,Time
1410233955738,4
1410233955738,6
1410233955745,4
1410233955747,4
1410233955752,3
1410233955755,4
1410233955759,3
1410233955763,4
1410233955767,4
1410233955771,4
1410233955775,4
1410233955778,3
1410233955782,3
1410233955787,4
1410233955791,4
1410233955794,3
1410233955798,3
1410233955802,4
1410233955806,4
1410233955809,3
1410233955813,3
1410233955817,3
1410233955821,4
1410233955825,4
1410233955829,4
1410233955832,3
1410233955875,41
1410233955878,42
1410233955882,3
1410233955886,3
1410233955890,4
1410233955894,4
1410233955899,5
1410233955903,4
1410233955907,4
1410233955910,3
1410233955915,3
1410233955917,3
1410233955922,3
1410233955925,4
1410233955929,4
1410233955933,4
1410233955937,4
1410233955941,4
1410233955945,4
1410233955951,6
1410233955955,4
1410233955958,3
1410233955962,3
1410233955965,4
1410233955969,4
1410233955973,4
1410233955977,4
1410233955981,4
1410233955985,4
1410233955989,4
1410233955995,6
1410233955999,4
1410233956003,3
1410233956007,4
1410233956011,4
1410233956015,4
1410233956019,3
1410233956023,4
1410233956027,4
1410233956032,5
1410233956036,4
1410233956040,4
1410233956044,4
1410233956047,3
1410233956052,4
1410233956055,4
1410233956059,4
1410233956063,4
1410233956067,4
1410233956071,3
1410233956076,3
1410233956079,4
1410233956083,3
1410233956086,4
1410233956090,4
1410233956094,4
1410233956098,4
1410233956102,4
1410233956105,3
1410233956109,3
1410233956113,4
1410233956118,5
1410233956122,4
1410233956125,3
1410233956129,3
1410233956133,3
1410233956137,4
1410233956141,4
1410233956145,4
1410233956149,4
1410233956166,17
1410233956169,3
1410233956173,3
1410233956194,21
1410233956198,4
1410233956202,4
1410233956206,4
1410233956210,4
1410233956214,4
1410233956217,3
1410233956221,4
1410233956225,4
1410233956228,3
1410233956232,3
1410233956236,4
1410233956240,4
1410233956243,3
1410233956247,3
1410233956251,4
1410233956255,4
1410233956259,4
1410233956263,4
1410233956266,3
1410233956270,3
1410233956274,3
1410233956278,4
1410233956282,4
1410233956286,4
1410233956290,4
1410233956294,4
1410233956298,4
1410233956301,3
1410233956306,4
1410233956309,3
1410233956313,3
1410233956317,3
1410233956321,4
1410233956325,4
1410233956330,5
1410233956333,3
1410233956337,3
1410233956342,4
1410233956346,4
1410233956349,3
1410233956353,4
1410233956358,5
1410233956362,4
1410233956381,19
1410233956385,4
1410233956389,4
1410233956393,4
1410233956397,4
1410233956400,3
1410233956405,4
1410233956408,5
1410233956413,3
1410233956416,5
1410233956420,3
1410233956423,4
1410233956427,4
1410233956431,4
1410233956435,4
1410233956438,3
1410233956442,3
1410233956446,4
1410233956449,3
1410233956453,3
1410233956457,4
1410233956460,3
1410233956464,3
1410233956468,4
1410233956472,4
1410233956475,3
1410233956479,3
1410233956483,4
1410233956487,4
1410233956491,4
1410233956494,3
1410233956498,3
1410233956502,4
1410233956506,4
1410233956510,4
1410233956513,3
1410233956537,23
1410233956541,4
1410233956545,4
1410233956549,4
1410233956552,3
1410233956566,13
1410233956570,4
1410233956574,4
1410233956577,3
1410233956581,4
1410233956585,4
1410233956589,4
1410233956593,4
1410233956597,4
1410233956600,3
1410233956605,4
1410233956608,3
1410233956612,3
1410233956636,23
1410233956650,14
1410233956654,4
1410233956658,4
1410233956662,4
1410233956679,17
1410233956684,4
1410233956689,5
1410233956703,14
1410233956710,5
1410233956715,7
1410233956720,4
1410233956725,3
1410233956730,5
1410233956734,4
1410233956738,3
1410233956743,4
1410233956748,5
1410233956754,6
1410233956767,13
1410233956772,5
1410233956801,29
1410233956805,4
1410233956829,23
1410233956832,23
1410233956836,4
1410233956841,4
1410233956846,5
1410233956850,4
1410233956856,4
1410233956857,3
1410233956864,4
1410233956867,5
1410233956872,4
1410233956875,5
1410233956879,4
1410233956883,4
1410233956888,5
1410233956891,3
1410233956909,16
1410233956912,16
1410233956919,5
1410233956921,5
1410233956927,4
1410233956930,5
1410233956934,4
1410233956939,5
1410233956943,4
1410233956948,5
1410233956952,4
1410233956956,4
1410233956961,4
1410233956965,4
1410233956969,3
1410233956985,15
1410233956990,5
1410233956995,5
1410233956999,4
1410233957003,3
1410233957007,4
1410233957012,5
1410233957016,4
1410233957021,4
1410233957024,3
1410233957030,5
1410233957035,4
1410233957040,5
1410233957045,5
1410233957049,4
1410233957053,3
1410233957057,3
1410233957062,4
1410233957066,4
1410233957071,4
1410233957074,3
1410233957079,4
1410233957082,4
1410233957085,3
1410233957091,4
1410233957094,5
1410233957099,4
1410233957101,3
1410233957107,5
1410233957109,4
1410233957115,3
1410233957118,4
1410233957123,4
1410233957128,5
1410233957132,4
1410233957136,4
1410233957140,4
1410233957144,4
1410233957150,4
1410233957152,3
1410233957156,2
1410233957161,4
1410233957165,4
1410233957172,3
1410233957179,4
1410233957184,2
1410233957190,3
1410233957197,4
1410233957203,3
1410233957209,3
1410233957215,3
1410233957221,3
1410233957233,9
1410233957238,3
1410233957243,3
1410233957249,2
1410233957254,2
1410233957260,3
1410233957266,3
1410233957271,3
1410233957276,2
1410233957281,2
1410233957287,3
1410233957292,3
1410233957297,2
1410233957303,3
1410233957308,3
1410233957313,3
1410233957318,2
1410233957324,3
1410233957329,3
1410233957335,3
1410233957340,3
1410233957392,227
1410233957398,6
1410233957402,3
1410233957406,4
1410233957410,4
1410233957414,4
1410233957417,3
1410233957421,3
1410233957425,3
1410233957429,4
1410233957433,4
1410233957437,4
1410233957441,4
1410233957444,3
1410233957448,3
1410233957452,4
1410233957456,4
1410233957493,37
1410233957497,3
1410233957502,4
1410233957506,4
1410233957509,3
1410233957513,3
1410233957517,3
1410233957526,9
1410233957530,4
1410233957534,4
1410233957537,3
1410233957541,3
1410233957545,3
1410233957549,4
1410233957564,15
1410233957568,4
1410233957572,4
1410233957576,4
1410233957579,3
1410233957583,3
1410233957587,4
1410233957591,4
1410233957603,12
1410233957606,3
1410233957610,3
1410233957614,4
1410233957618,4
1410233957622,4
1410233957626,4
1410233957630,4
1410233957634,4
1410233957638,4
1410233957641,3
1410233957645,3
1410233957649,4
1410233957655,4
1410233957657,4
1410233957662,3
1410233957665,4
1410233957669,4
1410233957673,4
1410233957677,4
1410233957706,29
1410233957719,13
1410233957723,4
1410233957727,4
1410233957732,4
1410233957736,4
1410233957741,5
1410233957747,6
1410233957751,4
1410233957755,4
1410233957761,6
1410233957766,5
1410233957771,5
1410233957775,4
1410233957780,5
1410233957784,4
1410233957788,4
1410233957792,4
1410233957797,5
1410233957801,4
1410233957804,3
1410233957811,6
1410233957816,4
1410233957820,4
1410233957823,3
1410233957829,4
1410233957833,4
1410233957838,4
1410233957842,4
1410233957847,5
1410233957851,4
1410233957855,4
1410233957859,4
1410233957864,5
1410233957868,4
1410233957872,4
1410233957877,5
1410233957881,4
1410233957885,4
1410233957890,4
1410233957895,5
1410233957898,4
1410233957902,3
1410233957922,20
1410233957926,4
1410233957931,5
1410233957935,4
1410233957939,4
1410233957943,4
1410233957948,4
1410233957951,4
1410233957955,4
1410233957960,5
1410233957964,4
1410233957968,4
1410233957972,4
1410233957976,4
1410233957980,4
1410233957984,4
1410233957988,4
1410233957992,4
1410233957996,4
1410233958022,25
1410233958026,4
1410233958029,3
1410233958033,3
1410233958037,3
1410233958041,4
1410233958046,3
1410233958049,4
1410233958053,4
1410233958057,4
1410233958060,3
1410233958064,3
1410233958068,4
1410233958072,4
1410233958076,4
1410233958080,4
1410233958083,3
1410233958089,4
1410233958092,5
1410233958098,4
1410233958101,5
1410233958104,3
1410233958108,3
1410233958112,3
1410233958117,4
1410233958121,4
1410233958126,5
1410233958130,4
1410233958134,4
1410233958137,3
1410233958141,4
1410233958145,4
1410233958149,4
1410233958154,4
1410233958157,4
1410233958161,4
1410233958165,4
1410233958168,3
1410233958172,3
1410233958176,4
1410233958180,4
1410233958184,4
1410233958187,3
1410233958192,3
1410233958194,3
1410233958199,3
1410233958202,4
1410233958206,4
1410233958219,13
1410233958223,4
1410233958227,4
1410233958231,4
1410233958234,3
1410233958238,3
1410233958242,4
1410233958246,4
1410233958250,4
1410233958254,4
1410233958258,4
1410233958261,3
1410233958265,3
1410233958269,3
1410233958273,4
1410233958276,4
1410233958280,4
1410233958284,4
1410233958288,4
1410233958292,4
1410233958296,4
1410233958301,5
1410233958306,5
1410233958310,4
1410233958314,4
1410233958318,4
1410233958322,4
1410233958326,4
1410233958330,4
1410233958334,4
1410233958338,3
1410233958342,4
1410233958346,4
1410233958351,3
1410233958354,4
1410233958357,3
1410233958361,3
1410233958365,3
1410233958369,4
1410233958372,3
1410233958377,4
1410233958380,3
1410233958384,4
1410233958388,4
1410233958392,3
1410233958395,3
1410233958399,3
1410233958403,4
1410233958407,4
1410233958410,3
1410233958414,3
1410233958418,4
1410233958422,4
1410233958426,4
1410233958430,4
1410233958442,12
1410233958446,3
1410233958450,4
1410233958453,3
1410233958458,4
1410233958461,4
1410233958464,3
1410233958478,13
1410233958482,3
1410233958501,19
1410233958506,5
1410233958510,4
1410233958515,4
1410233958519,4
1410233958523,4
1410233958527,4
1410233958530,3
1410233958534,3
1410233958538,4
1410233958542,4
1410233958545,3
1410233958549,3
1410233958553,3
1410233958557,4
1410233958561,4
1410233958577,16
1410233958582,5
1410233958585,3
1410233958589,3
1410233958593,4
1410233958597,3
1410233958612,16
1410233958616,3
1410233958620,4
1410233958640,20
1410233958644,4
1410233958647,3
1410233958651,3
1410233958655,4
1410233958659,4
1410233958663,4
1410233958666,3
1410233958670,3
1410233958674,4
1410233958678,4
1410233958682,4
1410233958685,3
1410233958689,3
1410233958693,4
1410233958697,4
1410233958700,3
1410233958704,3
1410233958708,4
1410233958713,3
1410233958715,3
1410233958720,4
1410233958722,3
1410233958726,3
1410233958730,4
1410233958734,4
1410233958738,4
1410233958742,4
1410233958745,3
1410233958749,3
1410233958753,4
1410233958757,4
1410233958761,4
1410233958765,4
1410233958769,4
1410233958773,4
1410233958777,4
1410233958781,4
1410233958784,3
1410233958796,10
1410233958799,11
1410233958803,4
1410233958806,4
1410233958810,4
1410233958814,4
1410233958828,14
1410233958831,3
1410233958835,3
1410233958839,3
1410233958843,4
1410233958847,4
1410233958851,4
1410233958866,15
1410233958870,4
1410233958875,4
1410233958879,4
1410233958883,4
1410233958887,4
1410233958892,4
1410233958895,5
1410233958899,4
1410233958923,24
1410233958927,4
1410233958930,3
1410233958934,3
1410233958938,3
1410233958942,4
1410233958946,4
1410233958950,4
1410233958953,3
1410233958957,3
1410233958961,3
1410233958965,4
1410233958969,4
1410233958972,3
1410233958976,3
1410233958980,4
1410233958984,3
1410233958988,4
1410233958992,4
1410233958996,4
1410233959000,4
1410233959004,4
1410233959008,4
1410233959012,4
1410233959015,3
1410233959019,3
1410233959023,4
1410233959035,12
1410233959039,4
1410233959043,4
1410233959047,4
1410233959051,4
1410233959059,8
1410233959064,3
1410233959067,4
1410233959071,3
1410233959074,3
1410233959078,3
1410233959081,3
1410233959086,4
1410233959088,4
1410233959093,3
1410233959095,3
1410233959100,3
1410233959103,4
1410233959107,4
1410233959111,4
1410233959115,4
1410233959119,4
1410233959122,3
1410233959126,3
1410233959129,3
1410233959133,3
1410233959137,4
1410233959141,4
1410233959145,4
1410233959149,4
1410233959153,4
1410233959157,4
1410233959161,3
1410233959165,3
1410233959169,4
1410233959173,4
1410233959177,4
1410233959197,20
1410233959209,12
1410233959213,3
1410233959218,4
1410233959222,4
1410233959226,4
1410233959230,4
1410233959234,4
1410233959238,4
1410233959241,3
1410233959245,3
1410233959271,26
1410233959276,5
1410233959280,4
1410233959284,4
1410233959288,3
1410233959293,3
1410233959296,4
1410233959300,4
1410233959304,4
1410233959308,4
1410233959311,3
1410233959315,3
1410233959319,4
1410233959323,4
1410233959327,4
1410233959331,4
1410233959335,4
1410233959339,4
1410233959344,5
1410233959349,5
1410233959353,4
1410233959357,4
1410233959361,4
1410233959365,4
1410233959369,4
1410233959373,4
1410233959388,15
1410233959392,4
1410233959396,4
1410233959400,4
1410233959404,4
1410233959408,4
1410233959411,3
1410233959417,4
1410233959420,5
1410233959438,18
1410233959443,5
1410233959447,4
1410233959451,4
1410233959459,3
1410233959462,4
1410233959466,4
1410233959470,4
1410233959474,4
1410233959478,4
1410233959482,4
1410233959486,4
1410233959490,4
1410233959494,4
1410233959498,4
1410233959502,4
1410233959506,4
1410233959510,4
1410233959513,3
1410233959517,3
1410233959520,4
1410233959524,3
1410233959528,3
1410233959533,5
1410233959537,4
1410233959540,4
1410233959544,4
1410233959548,4
1410233959552,4
1410233959556,4
1410233959560,3
1410233959563,4
1410233959568,4
1410233959572,4
1410233959576,4
1410233959580,4
1410233959583,3
1410233959587,3
1410233959591,4
1410233959595,4
1410233959599,4
1410233959603,4
1410233959607,4
1410233959611,4
1410233959615,4
1410233959619,4
1410233959623,4
1410233959627,4
1410233959631,4
1410233959635,3
1410233959639,4
1410233959643,4
1410233959647,4
1410233959651,4
1410233959654,3
1410233959658,3
1410233959662,3
1410233959666,4
1410233959670,4
1410233959674,4
1410233959678,4
1410233959682,4
1410233959686,4
1410233959690,4
1410233959694,4
1410233959699,5
1410233959703,3
1410233959707,3
1410233959711,4
1410233959758,47
1410233959763,5
1410233959768,4
1410233959772,4
1410233959778,4
1410233959780,4
1410233959791,9
1410233959794,10
1410233959799,4
1410233959804,5
1410233959808,4
1410233959812,4
1410233959816,4
1410233959819,3
1410233959823,3
1410233959827,4
1410233959831,4
1410233959835,4
1410233959839,4
1410233959843,4
1410233959847,4
1410233959875,28
1410233959880,5
1410233959885,5
1410233959890,5
1410233959894,4
1410233959899,4
1410233959904,4
1410233959910,6
1410233959923,13
1410233959929,6
1410233959934,5
1410233959939,5
1410233959943,4
1410233959947,3
1410233959952,3
1410233959955,4
1410233959959,4
1410233959963,4
1410233959967,4
1410233959970,3
1410233959974,3
1410233959978,3
1410233959982,4
1410233959986,4
1410233959997,11
1410233960001,3
1410233960005,4
1410233960009,4
1410233960013,3
1410233960018,4
1410233960022,4
1410233960025,3
1410233960030,4
1410233960034,4
1410233960038,4
1410233960042,4
1410233960045,4
1410233960049,4
1410233960052,3
1410233960056,3
1410233960060,3
1410233960064,4
1410233960068,4
1410233960071,3
1410233960075,3
1410233960079,4
1410233960083,4
1410233960087,4
1410233960090,3
1410233960094,3
1410233960098,3
1410233960102,4
1410233960106,4
1410233960110,4
1410233960114,4
1410233960118,4
1410233960121,3
1410233960125,3
1410233960130,3
1410233960133,4
1410233960137,4
1410233960141,4
1410233960144,3
1410233960148,3
1410233960152,4
1410233960156,4
1410233960160,4
1410233960164,4
1410233960167,3
1410233960171,3
1410233960175,3
1410233960179,3
1410233960183,4
1410233960188,5
1410233960192,4
1410233960196,4
1410233960216,20
1410233960220,4
1410233960224,3
1410233960228,4
1410233960232,3
1410233960236,4
1410233960239,3
1410233960243,3
1410233960247,3
1410233960251,4
1410233960255,4
1410233960258,3
1410233960262,3
1410233960266,4
1410233960270,4
1410233960274,4
1410233960278,4
1410233960282,3
1410233960286,4
1410233960290,4
1410233960293,3
1410233960297,4
1410233960301,4
1410233960305,4
1410233960311,6
1410233960314,3
1410233960318,3
1410233960322,4
1410233960326,3
1410233960330,4
1410233960334,4
1410233960338,4
1410233960341,3
1410233960346,4
1410233960350,4
1410233960355,5
1410233960369,14
1410233960373,4
1410233960384,10
1410233960388,4
1410233960393,4
1410233960397,4
1410233960401,4
1410233960404,3
1410233960408,3
1410233960412,3
1410233960415,4
1410233960419,4
1410233960423,4
1410233960427,3
1410233960431,3
1410233960435,3
1410233960439,4
1410233960443,4
1410233960446,3
1410233960450,4
1410233960474,23
1410233960477,24
1410233960481,3
1410233960486,3
1410233960489,4
1410233960493,4
1410233960497,4
1410233960500,3
1410233960508,7
1410233960512,4
1410233960516,4
1410233960520,4
1410233960523,3
1410233960527,3
1410233960531,3
1410233960535,4
1410233960538,3
1410233960542,3
1410233960546,4
1410233960550,4
1410233960554,4
1410233960558,4
1410233960562,4
1410233960566,4
1410233960570,4
1410233960574,4
1410233960579,3
1410233960583,5
1410233960587,4
1410233960591,4
1410233960607,16
1410233960612,5
1410233960617,5
1410233960621,3
1410233960625,3
1410233960628,4
1410233960632,4
1410233960636,4
1410233960640,4
1410233960644,4
1410233960648,4
1410233960652,4
1410233960656,4
1410233960659,3
1410233960663,3
1410233960667,3
1410233960671,4
1410233960675,3
1410233960678,3
1410233960683,4
1410233960686,4
1410233960690,4
1410233960694,4
1410233960698,4
1410233960702,4
1410233960705,3
1410233960709,3
1410233960713,3
1410233960717,4
1410233960721,4
1410233960725,4
1410233960729,4
1410233960733,4
1410233960737,4
1410233960741,4
1410233960745,4
1410233960748,3
1410233960752,3
1410233960756,3
1410233960759,4
1410233960763,4
1410233960767,4
1410233960770,3
1410233960784,13
1410233960788,4
1410233960791,3
1410233960797,4
1410233960800,5
1410233960803,3
1410233960807,3
1410233960810,4
1410233960814,3
1410233960818,4
1410233960822,4
1410233960826,4
1410233960830,4
1410233960834,4
1410233960839,4
1410233960843,3
1410233960847,4
1410233960853,6
1410233960857,4
1410233960861,4
1410233960864,3
1410233960868,3
1410233960872,4
1410233960877,4
1410233960881,3
1410233960885,3
1410233960889,4
1410233960893,4
1410233960896,3
1410233960900,3
1410233960904,3
1410233960907,3
1410233960911,4
1410233960915,4
1410233960919,4
1410233960923,4
1410233960927,4
1410233960937,10
1410233960941,3
1410233960945,3
1410233960949,3
1410233960953,4
1410233960957,4
1410233960961,4
1410233960965,4
1410233960970,4
1410233960974,4
1410233960978,4
1410233960982,4
1410233960986,4
1410233960989,3
1410233960993,4
1410233960997,4
1410233961001,4
1410233961005,4
1410233961008,3
1410233961012,3
1410233961029,17
1410233961035,5
1410233961037,3
1410233961041,3
1410233961045,4
1410233961048,3
1410233961052,3
1410233961056,4
1410233961060,4
1410233961064,4
1410233961067,3
1410233961071,3
1410233961075,4
1410233961079,4
1410233961083,4
1410233961087,4
1410233961091,4
1410233961095,4
1410233961099,4
1410233961102,4
1410233961105,3
1410233961110,3
1410233961113,4
1410233961117,3
1410233961123,6
1410233961127,4
1410233961130,3
1410233961134,3
1410233961138,3
1410233961161,22
1410233961164,23
1410233961170,3
1410233961173,4
1410233961177,4
1410233961180,3
1410233961184,3
1410233961188,3
1410233961192,4
1410233961196,4
1410233961201,5
1410233961205,4
1410233961208,3
1410233961212,3
1410233961227,15
1410233961231,4
1410233961234,3
1410233961239,4
1410233961242,3
1410233961246,3
1410233961250,4
1410233961253,3
1410233961258,3
1410233961261,4
1410233961265,4
1410233961268,3
1410233961279,10
1410233961283,11
1410233961287,4
1410233961291,3
1410233961296,3
1410233961299,4
1410233961303,4
1410233961307,4
1410233961310,3
1410233961315,4
1410233961319,4
1410233961322,3
1410233961326,3
1410233961330,3
1410233961334,4
1410233961338,4
1410233961353,15
1410233961357,4
1410233961360,4
1410233961364,4
1410233961367,3
1410233961371,3
1410233961375,4
1410233961398,23
1410233961402,4
1410233961425,23
1410233961429,4
1410233961433,4
1410233961436,3
1410233961440,4
1410233961444,4
1410233961448,4
1410233961452,4
1410233961455,3
1410233961459,3
1410233961463,3
1410233961478,15
1410233961494,15
1410233961498,4
1410233961502,4
1410233961506,3
1410233961509,4
1410233961514,3
1410233961517,4
1410233961521,3
1410233961525,4
1410233961529,4
1410233961534,5
1410233961538,4
1410233961542,4
1410233961545,3
1410233961549,4
1410233961553,3
1410233961557,4
1410233961561,4
1410233961565,4
1410233961568,3
1410233961573,4
1410233961577,4
1410233961580,3
1410233961610,29
1410233961614,4
1410233961619,4
1410233961623,4
1410233961628,3
1410233961631,4
1410233961635,4
1410233961638,3
1410233961642,3
1410233961646,4
1410233961650,4
1410233961654,4
1410233961658,4
1410233961662,4
1410233961666,4
1410233961670,4
1410233961732,62
1410233961739,7
1410233961743,3
1410233961747,3
1410233961751,4
1410233961769,18
1410233961794,25
1410233961799,5
1410233961803,4
1410233961807,4
1410233961811,3
1410233961815,3
1410233961819,4
1410233961823,4
1410233961827,4
1410233961831,4
1410233961834,3
1410233961838,3
1410233961842,4
1410233961846,4
1410233961850,4
1410233961854,4
1410233961858,4
1410233961862,4
1410233961890,28
1410233961909,19
1410233961913,4
1410233961917,4
1410233961921,3
1410233961925,3
1410233961929,3
1410233961933,4
1410233961938,4
1410233961942,4
1410233961946,4
1410233961949,3
1410233961953,3
1410233961958,4
1410233961976,17
1410233961979,3
1410233961985,4
1410233961987,4
1410233961992,3
1410233961995,4
1410233961999,4
1410233962003,4
1410233962006,3
1410233962010,4
1410233962014,4
1410233962018,4
1410233962022,4
1410233962026,4
1410233962030,4
1410233962034,4
1410233962037,3
1410233962041,3
1410233962045,4
1410233962049,4
1410233962052,3
1410233962056,3
1410233962060,4
1410233962063,3
1410233962068,4
1410233962072,4
1410233962076,4
1410233962080,4
1410233962085,5
1410233962089,4
1410233962093,4
1410233962097,4
1410233962101,4
1410233962105,4
1410233962108,3
1410233962112,3
1410233962116,4
1410233962120,4
1410233962123,3
1410233962128,4
1410233962131,5
1410233962135,4
1410233962139,4
1410233962142,3
1410233962146,4
1410233962150,3
1410233962153,4
1410233962157,3
1410233962161,4
1410233962165,4
1410233962169,4
1410233962172,4
1410233962176,4
1410233962180,4
1410233962184,4
1410233962187,3
1410233962191,4
1410233962195,4
1410233962199,4
1410233962202,3
1410233962206,3
1410233962210,3
1410233962213,4
1410233962217,4
1410233962221,4
1410233962225,4
1410233962229,4
1410233962232,3
1410233962236,3
1410233962240,4
1410233962244,4
1410233962248,4
1410233962252,4
1410233962256,4
1410233962334,78
1410233962341,7
1410233962345,4
1410233962350,3
1410233962352,3
1410233962357,3
1410233962359,3
1410233962372,11
1410233962375,12
1410233962380,5
1410233962384,4
1410233962388,4
1410233962392,4
1410233962396,4
1410233962400,3
1410233962404,4
1410233962408,4
1410233962412,4
1410233962416,4
1410233962420,4
1410233962423,3
1410233962427,3
1410233962431,3
1410233962435,3
1410233962439,4
1410233962443,3
1410233962455,13
1410233962460,4
1410233962484,24
1410233962493,30
1410233962498,4
1410233962502,4
1410233962506,4
1410233962510,4
1410233962515,5
1410233962521,6
1410233962525,4
1410233962528,3
1410233962532,3
1410233962536,3
1410233962540,3
1410233962544,3
1410233962548,4
1410233962552,4
1410233962555,3
1410233962559,3
1410233962563,4
1410233962567,4
1410233962571,4
1410233962575,4
1410233962578,3
1410233962582,3
1410233962586,4
1410233962590,4
1410233962594,4
1410233962597,3
1410233962602,4
1410233962606,4
1410233962609,3
1410233962613,4
1410233962617,4
1410233962622,5
1410233962626,4
1410233962630,4
1410233962634,4
1410233962638,4
1410233962642,3
1410233962647,5
1410233962651,4
1410233962655,4
1410233962658,3
1410233962663,4
1410233962666,4
1410233962670,4
1410233962674,4
1410233962678,4
1410233962681,3
1410233962687,4
1410233962690,4
1410233962695,3
1410233962709,15
1410233962713,3
1410233962717,3
1410233962721,4
1410233962725,4
1410233962729,4
1410233962733,4
1410233962736,3
1410233962740,3
1410233962744,4
1410233962748,4
1410233962752,4
1410233962756,4
1410233962759,3
1410233962763,3
1410233962767,4
1410233962771,4
1410233962775,4
1410233962779,4
1410233962782,3
1410233962786,3
1410233962790,4
1410233962793,4
1410233962797,4
1410233962801,4
1410233962805,3
1410233962808,4
1410233962817,9
1410233962822,5
1410233962825,3
1410233962831,5
1410233962834,3
1410233962838,3
1410233962842,4
1410233962846,4
1410233962850,4
1410233962854,4
1410233962866,12
1410233962869,3
1410233962873,3
1410233962877,4
1410233962881,4
1410233962885,4
1410233962889,4
1410233962893,4
1410233962897,4
1410233962901,4
1410233962906,4
1410233962909,4
1410233962913,4
1410233962917,4
1410233962920,3
1410233962924,3
1410233962928,3
1410233962932,4
1410233962936,4
1410233962940,4
1410233962943,3
1410233962947,3
1410233962951,4
1410233962955,4
1410233962959,4
1410233962977,18
1410233962981,3
1410233962985,3
1410233962989,4
1410233962993,4
1410233962997,4
1410233963007,10
1410233963011,4
1410233963015,4
1410233963019,4
1410233963023,4
1410233963027,3
1410233963031,5
1410233963036,3
1410233963039,4
1410233963043,4
1410233963047,4
1410233963059,12
1410233963064,4
1410233963069,4
1410233963073,4
1410233963077,4
1410233963082,4
1410233963085,5
1410233963089,4
1410233963092,3
1410233963096,4
1410233963100,4
1410233963104,4
1410233963108,4
1410233963111,3
1410233963115,3
1410233963120,5
1410233963123,3
1410233963127,3
1410233963132,5
1410233963136,4
1410233963139,4
1410233963142,3
1410233963147,3
1410233963150,4
1410233963154,4
1410233963158,4
1410233963162,4
1410233963166,4
1410233963169,3
1410233963173,3
1410233963177,4
1410233963181,4
1410233963184,3
1410233963188,3
1410233963192,3
1410233963196,4
1410233963200,4
1410233963204,4
1410233963208,4
1410233963211,3
1410233963215,3
1410233963219,4
1410233963223,4
1410233963226,3
1410233963238,11
1410233963241,11
1410233963245,3
1410233963248,4
1410233963252,3
1410233963255,4
1410233963259,4
1410233963263,4
1410233963267,4
1410233963280,13
1410233963285,5
1410233963289,4
1410233963293,4
1410233963298,4
1410233963302,4
1410233963306,4
1410233963310,4
1410233963314,4
1410233963318,4
1410233963322,4
1410233963326,4
1410233963330,4
1410233963366,36
1410233963371,5
1410233963376,5
1410233963380,5
1410233963385,4
1410233963389,4
1410233963392,3
1410233963396,3
1410233963400,4
1410233963404,4
1410233963407,3
1410233963411,4
1410233963415,4
1410233963418,3
1410233963422,4
1410233963426,4
1410233963430,4
1410233963433,3
1410233963437,4
1410233963441,3
1410233963445,4
1410233963449,4
1410233963452,3
1410233963456,3
1410233963460,4
1410233963464,4
1410233963467,3
1410233963471,3
1410233963475,3
1410233963479,4
1410233963483,4
1410233963486,3
1410233963491,4
1410233963494,3
1410233963498,3
1410233963502,3
1410233963506,4
1410233963510,4
1410233963514,4
1410233963518,4
1410233963521,3
1410233963525,3
1410233963529,4
1410233963533,4
1410233963536,3
1410233963555,18
1410233963567,12
1410233963572,4
1410233963575,3
1410233963579,4
1410233963582,3
1410233963587,3
1410233963590,4
1410233963600,9
1410233963603,9
1410233963607,4
1410233963610,3
1410233963635,24
1410233963640,5
1410233963644,4
1410233963648,4
1410233963652,3
1410233963655,4
1410233963659,3
1410233963663,3
1410233963667,4
1410233963671,4
1410233963675,3
1410233963679,4
1410233963683,4
1410233963687,4
1410233963691,4
1410233963694,3
1410233963698,3
1410233963701,4
1410233963742,38
1410233963745,40
1410233963750,4
1410233963755,4
1410233963758,4
1410233963762,4
1410233963805,43
1410233963810,5
1410233963815,5
1410233963819,4
1410233963843,24
1410233963848,5
1410233963853,5
1410233963857,4
1410233963861,4
1410233963865,4
1410233963869,4
1410233963872,3
1410233963876,3
1410233963880,4
1410233963883,3
1410233963888,3
1410233963891,4
1410233963895,4
1410233963899,4
1410233963903,3
1410233963908,3
1410233963928,21
1410233963932,3
1410233963936,4
1410233963940,4
1410233963944,4
1410233963947,3
1410233963951,4
1410233963955,4
1410233963959,4
1410233963963,4
1410233963966,3
1410233963970,3
1410233963974,4
1410233963978,4
1410233963981,3
1410233963985,3
1410233963989,3
1410233963993,4
1410233963998,5
1410233964003,5
1410233964006,3
1410233964010,3
1410233964014,3
1410233964018,4
1410233964022,4
1410233964026,4
1410233964030,4
1410233964033,3
1410233964037,3
1410233964041,4
1410233964044,3
1410233964048,3
1410233964052,4
1410233964056,4
1410233964060,4
1410233964064,4
1410233964067,3
1410233964088,20
1410233964092,4
1410233964095,3
1410233964099,4
1410233964103,4
1410233964106,3
1410233964111,3
1410233964115,4
1410233964119,4
1410233964123,4
1410233964127,4
1410233964131,4
1410233964134,3
1410233964139,4
1410233964156,19
1410233964160,4
1410233964164,4
1410233964167,3
1410233964171,4
1410233964175,3
1410233964179,4
1410233964183,4
1410233964187,4
1410233964190,3
1410233964194,3
1410233964198,4
1410233964202,4
1410233964206,4
1410233964210,4
1410233964213,3
1410233964217,3
1410233964221,4
1410233964225,4
1410233964228,3
1410233964232,3
1410233964236,4
1410233964240,4
1410233964244,4
1410233964267,23
1410233964271,4
1410233964274,3
1410233964279,4
1410233964282,3
1410233964286,3
1410233964290,3
1410233964295,5
1410233964299,4
1410233964303,4
1410233964307,3
1410233964311,4
1410233964315,4
1410233964319,4
1410233964323,4
1410233964327,4
1410233964330,3
1410233964334,3
1410233964338,4
1410233964342,4
1410233964346,4
1410233964350,4
1410233964354,4
1410233964357,3
1410233964362,3
1410233964364,3
1410233964368,3
1410233964371,3
1410233964375,3
1410233964378,3
1410233964382,3
1410233964386,3
1410233964390,4
1410233964394,4
1410233964398,4
1410233964401,3
1410233964405,4
1410233964409,4
1410233964413,4
1410233964417,4
1410233964421,4
1410233964425,4
1410233964428,3
1410233964432,3
1410233964450,18
1410233964452,17
1410233964462,9
1410233964466,4
1410233964470,4
1410233964474,4
1410233964477,3
1410233964482,3
1410233964485,4
1410233964489,4
1410233964493,4
1410233964510,17
1410233964515,5
1410233964519,4
1410233964523,4
1410233964528,4
1410233964531,3
1410233964535,3
1410233964539,3
1410233964543,4
1410233964547,4
1410233964550,3
1410233964554,3
1410233964558,4
1410233964562,4
1410233964566,4
1410233964569,3
1410233964573,3
1410233964576,3
1410233964580,4
1410233964584,4
1410233964596,12
1410233964600,4
1410233964614,15
1410233964618,3
1410233964621,3
1410233964626,3
1410233964628,3
1410233964632,3
1410233964636,3
1410233964640,4
1410233964644,4
1410233964648,4
1410233964658,10
1410233964662,4
1410233964667,4
1410233964671,4
1410233964674,3
1410233964678,3
1410233964682,4
1410233964686,4
1410233964690,4
1410233964693,3
1410233964697,4
1410233964701,4
1410233964705,4
1410233964709,4
1410233964712,3
1410233964716,3
1410233964719,4
1410233964723,4
1410233964729,5
1410233964733,3
1410233964737,3
1410233964740,4
1410233964744,3
1410233964747,3
1410233964752,4
1410233964755,4
1410233964762,7
1410233964765,3
1410233964770,4
1410233964772,3
1410233964777,3
1410233964780,4
1410233964785,5
1410233964788,3
1410233964792,4
1410233964796,4
1410233964799,3
1410233964803,3
1410233964808,3
1410233964812,5
1410233964816,3
1410233964819,4
1410233964823,4
1410233964848,25
1410233964851,3
1410233964855,3
1410233964859,4
1410233964863,4
1410233964867,4
1410233964871,4
1410233964874,3
1410233964878,3
1410233964882,4
1410233964910,27
1410233964915,5
1410233964919,4
1410233964924,5
1410233964932,8
1410233964936,4
1410233964940,4
1410233964944,4
1410233964947,3
1410233964964,16
1410233964969,4
1410233964974,4
1410233964978,4
1410233964982,4
1410233964986,4
1410233964990,4
1410233964994,4
1410233964997,3
1410233965001,3
1410233965005,4
1410233965008,3
1410233965013,3
1410233965016,4
1410233965020,4
1410233965023,3
1410233965027,4
1410233965032,4
1410233965036,4
1410233965040,3
1410233965043,3
1410233965054,10
1410233965058,4
1410233965061,3
1410233965065,3
1410233965069,3
1410233965074,4
1410233965077,4
1410233965090,13
1410233965094,4
1410233965099,4
1410233965103,4
1410233965107,4
1410233965111,3
1410233965115,5
1410233965118,3
1410233965122,3
1410233965126,4
1410233965130,4
1410233965134,4
1410233965138,3
1410233965142,3
1410233965146,4
1410233965150,4
1410233965154,4
1410233965157,3
1410233965161,4
1410233965165,4
1410233965169,4
1410233965172,3
1410233965176,3
1410233965180,3
1410233965186,4
1410233965189,5
1410233965192,3
1410233965196,3
1410233965200,3
1410233965204,4
1410233965208,4
1410233965222,14
1410233965226,4
1410233965230,4
1410233965233,3
1410233965237,3
1410233965240,4
1410233965244,3
1410233965265,21
1410233965269,4
1410233965273,4
1410233965277,4
1410233965280,3
1410233965284,3
1410233965288,3
1410233965292,4
1410233965296,4
1410233965299,3
1410233965304,3
1410233965308,5
1410233965311,3
1410233965316,4
1410233965319,5
1410233965323,4
1410233965326,3
1410233965330,3
1410233965334,3
1410233965339,5
1410233965343,4
1410233965347,4
1410233965351,4
1410233965355,3
1410233965359,4
1410233965363,4
1410233965367,4
1410233965371,4
1410233965375,3
1410233965379,3
1410233965383,3
1410233965387,4
1410233965391,4
1410233965395,4
1410233965399,4
1410233965403,4
1410233965420,17
1410233965424,3
1410233965428,3
1410233965432,3
1410233965436,4
1410233965440,4
1410233965444,4
1410233965448,4
1410233965452,4
1410233965456,4
1410233965459,3
1410233965463,4
1410233965467,4
1410233965471,4
1410233965475,4
1410233965479,4
1410233965483,4
1410233965487,4
1410233965491,4
1410233965495,4
1410233965506,11
1410233965511,4
1410233965514,4
1410233965517,3
1410233965523,4
1410233965526,4
1410233965530,3
1410233965533,4
1410233965537,4
1410233965541,4
1410233965546,4
1410233965550,4
1410233965554,4
1410233965558,4
1410233965562,4
1410233965565,3
1410233965569,3
1410233965573,4
1410233965577,4
1410233965580,3
1410233965584,3
1410233965587,4
1410233965591,3
1410233965594,4
1410233965599,3
1410233965602,4
1410233965633,30
1410233965637,32
1410233965640,3
1410233965644,3
1410233965648,4
1410233965652,4
1410233965656,4
1410233965659,3
1410233965663,3
1410233965667,4
1410233965671,4
1410233965675,4
1410233965679,4
1410233965683,4
1410233965687,4
1410233965691,4
1410233965695,4
1410233965699,4
1410233965704,4
1410233965708,4
1410233965712,4
1410233965716,3
1410233965720,4
1410233965724,4
1410233965728,4
1410233965732,4
1410233965736,3
1410233965739,4
1410233965745,4
1410233965747,4
1410233965752,3
1410233965755,4
1410233965759,3
1410233965763,4
1410233965767,4
1410233965771,4
1410233965775,4
1410233965778,3
1410233965782,3
1410233965786,4
1410233965790,4
1410233965794,4
1410233965798,4
1410233965802,4
1410233965805,3
1410233965809,3
1410233965813,3
1410233965817,4
1410233965821,4
1410233965825,4
1410233965829,4
1410233965832,3
1410233965836,3
1410233965840,4
1410233965844,3
1410233965847,4
1410233965851,3
1410233965855,4
1410233965859,4
1410233965863,4
1410233965866,3
1410233965870,3
1410233965874,4
1410233965878,4
1410233965882,3
1410233965900,18
1410233965904,4
1410233965908,4
1410233965911,3
1410233965916,4
1410233965920,4
1410233965925,5
1410233965929,4
1410233965933,4
1410233965948,15
1410233965953,5
1410233965957,4
1410233965961,3
1410233965967,4
1410233965969,4
1410233965974,4
1410233965977,4
1410233965980,3
1410233965984,3
1410233965991,7
1410233965995,4
1410233965999,4
1410233966003,4
1410233966007,4
1410233966011,4
1410233966029,18
1410233966033,4
1410233966037,4
1410233966040,3
1410233966044,3
1410233966048,3
1410233966052,4
1410233966056,4
1410233966060,4
1410233966064,4
1410233966068,4
1410233966072,4
1410233966076,4
1410233966079,3
1410233966083,3
1410233966087,4
1410233966091,4
1410233966094,3
1410233966098,3
1410233966102,3
1410233966106,4
1410233966110,4
1410233966113,3
1410233966117,3
1410233966121,4
1410233966125,4
1410233966129,4
1410233966133,4
1410233966136,3
1410233966140,4
1410233966144,4
1410233966148,4
1410233966152,4
1410233966156,4
1410233966160,4
1410233966164,4
1410233966167,3
1410233966182,14
1410233966193,10
1410233966197,4
1410233966201,3
1410233966205,4
1410233966209,3
1410233966212,4
1410233966216,3
1410233966220,5
1410233966234,14
1410233966239,4
1410233966244,5
1410233966248,4
1410233966252,4
1410233966256,4
1410233966259,3
1410233966263,3
1410233966267,4
1410233966271,4
1410233966275,4
1410233966278,3
1410233966282,3
1410233966286,4
1410233966290,4
1410233966294,4
1410233966297,3
1410233966301,4
1410233966305,4
1410233966309,4
1410233966313,4
1410233966316,3
1410233966320,3
1410233966324,4
1410233966328,4
1410233966331,3
1410233966335,3
1410233966339,4
1410233966343,4
1410233966347,4
1410233966351,4
1410233966354,3
1410233966358,3
1410233966362,4
1410233966366,3
1410233966370,4
1410233966374,4
1410233966378,4
1410233966395,17
1410233966399,4
1410233966422,23
1410233966427,4
1410233966431,3
1410233966437,4
1410233966448,12
1410233966454,6
1410233966459,5
1410233966463,4
1410233966469,5
1410233966474,5
1410233966477,3
1410233966481,3
1410233966485,4
1410233966490,4
1410233966494,4
1410233966498,4
1410233966503,5
1410233966508,5
1410233966511,3
1410233966515,3
1410233966519,5
1410233966522,3
1410233966526,3
1410233966530,3
1410233966534,4
1410233966538,4
1410233966542,4
1410233966545,3
1410233966550,3
1410233966553,4
1410233966557,4
1410233966561,4
1410233966564,3
1410233966568,4
1410233966572,3
1410233966576,4
1410233966580,4
1410233966584,4
1410233966587,3
1410233966591,3
1410233966595,4
1410233966599,4
1410233966618,19
1410233966623,5
1410233966627,4
1410233966635,7
1410233966640,5
1410233966650,10
1410233966654,4
1410233966658,4
1410233966664,6
1410233966668,4
1410233966672,3
1410233966676,4
1410233966686,10
1410233966690,4
1410233966693,3
1410233966698,4
1410233966701,3
1410233966705,3
1410233966709,4
1410233966711,3
1410233966716,3
1410233966719,4
1410233966722,3
1410233966726,3
1410233966730,3
1410233966734,3
1410233966737,4
1410233966741,4
1410233966745,4
1410233966749,4
1410233966752,3
1410233966756,3
1410233966760,4
1410233966764,4
1410233966768,4
1410233966772,4
1410233966776,4
1410233966780,4
1410233966784,4
1410233966788,4
1410233966791,3
1410233966795,3
1410233966799,4
1410233966803,4
1410233966806,3
1410233966810,3
1410233966814,4
1410233966818,4
1410233966822,4
1410233966825,3
1410233966842,16
1410233966845,17
1410233966848,3
1410233966853,3
1410233966859,7
1410233966862,3
1410233966866,4
1410233966889,23
1410233966894,5
1410233966898,4
1410233966903,4
1410233966908,3
1410233966911,4
1410233966915,4
1410233966919,4
1410233966923,4
1410233966927,4
1410233966931,4
1410233966935,4
1410233966938,3
1410233966942,4
1410233966946,4
1410233966950,4
1410233966954,4
1410233966957,3
1410233966961,4
1410233966965,4
1410233966969,4
1410233966973,4
1410233966977,4
1410233966981,4
1410233966985,4
1410233966989,4
1410233966992,3
1410233966996,3
1410233967000,3
1410233967004,4
1410233967008,4
1410233967012,4
1410233967015,3
1410233967019,4
1410233967023,4
1410233967026,3
1410233967031,4
1410233967035,4
1410233967039,4
1410233967043,3
1410233967047,4
1410233967051,4
1410233967054,3
1410233967058,3
1410233967062,4
1410233967066,4
1410233967069,3
1410233967073,3
1410233967077,4
1410233967081,4
1410233967085,4
1410233967089,4
1410233967093,4
1410233967096,4
1410233967100,4
1410233967104,4
1410233967108,4
1410233967125,17
1410233967144,18
1410233967147,3
1410233967151,3
1410233967155,4
1410233967159,4
1410233967163,4
1410233967167,4
1410233967170,3
1410233967174,4
1410233967178,4
1410233967182,4
1410233967185,3
1410233967189,3
1410233967193,3
1410233967197,4
1410233967212,15
1410233967216,4
1410233967220,4
1410233967224,4
1410233967227,3
1410233967231,3
1410233967236,3
1410233967239,4
1410233967243,4
1410233967247,4
1410233967251,4
1410233967255,4
1410233967258,3
1410233967262,3
1410233967266,3
1410233967270,4
1410233967274,4
1410233967278,4
1410233967281,3
1410233967285,3
1410233967288,4
1410233967292,4
1410233967296,4
1410233967312,16
1410233967316,4
1410233967320,4
1410233967323,3
1410233967327,3
1410233967331,3
1410233967335,4
1410233967339,4
1410233967343,4
1410233967347,3
1410233967350,4
1410233967360,9
1410233967365,5
1410233967370,4
1410233967375,5
1410233967380,5
1410233967384,4
1410233967389,5
1410233967393,4
1410233967397,4
1410233967402,4
1410233967406,4
1410233967410,4
1410233967414,4
1410233967418,4
1410233967422,4
1410233967426,3
1410233967430,3
1410233967434,4
1410233967439,5
1410233967444,4
1410233967448,4
1410233967452,4
1410233967466,14
1410233967470,4
1410233967474,4
1410233967477,3
1410233967482,4
1410233967485,5
1410233967489,4
1410233967493,4
1410233967496,3
1410233967500,4
1410233967503,3
1410233967507,3
1410233967510,3
1410233967515,3
1410233967518,4
1410233967522,4
1410233967525,3
1410233967529,3
1410233967533,4
1410233967537,4
1410233967541,4
1410233967544,3
1410233967549,4
1410233967554,5
1410233967556,4
1410233967561,3
1410233967564,4
1410233967568,3
1410233967571,4
1410233967575,3
1410233967579,3
1410233967583,4
1410233967587,4
1410233967591,4
1410233967595,4
1410233967599,4
1410233967603,4
1410233967607,4
1410233967611,4
1410233967615,4
1410233967649,34
1410233967653,4
1410233967659,4
1410233967662,5
1410233967668,4
1410233967671,5
1410233967676,4
1410233967679,4
1410233967683,4
1410233967963,280
1410233967968,5
1410233967972,4
1410233967976,4
1410233967980,3
1410233967982,2
1410233967987,4
1410233967990,4
1410233967993,3
1410233967997,3
1410233968001,4
1410233968005,4
1410233968009,4
1410233968070,61
1410233968074,4
1410233968080,4
1410233968083,5
1410233968087,4
1410233968091,4
1410233968095,4
1410233968099,4
1410233968102,3
1410233968106,3
1410233968110,4
1410233968114,4
1410233968117,3
1410233968121,3
1410233968125,4
1410233968129,4
1410233968133,4
1410233968136,3
1410233968140,3
1410233968144,4
1410233968148,4
1410233968152,4
1410233968156,4
1410233968159,3
1410233968163,4
1410233968167,4
1410233968171,4
1410233968175,4
1410233968179,4
1410233968182,3
1410233968186,3
1410233968190,4
1410233968194,4
1410233968197,3
1410233968201,4
1410233968205,3
1410233968209,3
1410233968212,4
1410233968217,3
1410233968220,4
1410233968225,4
1410233968228,4
1410233968232,4
1410233968235,3
1410233968239,3
1410233968243,4
1410233968247,4
1410233968251,4
1410233968255,4
1410233968259,4
1410233968262,3
1410233968266,3
1410233968269,4
1410233968273,4
1410233968277,3
1410233968280,4
1410233968284,4
1410233968288,4
1410233968292,4
1410233968346,54
1410233968352,5
1410233968357,4
1410233968361,4
1410233968365,3
1410233968368,3
1410233968373,3
1410233968375,3
1410233968380,3
1410233968383,4
1410233968387,4
1410233968449,62
1410233968455,5
1410233968459,4
1410233968463,3
1410233968467,3
1410233968470,3
1410233968474,3
1410233968477,4
1410233968481,3
1410233968486,5
1410233968489,3
1410233968493,3
1410233968497,4
1410233968502,5
1410233968505,3
1410233968568,62
1410233968662,94
1410233968667,5
1410233968751,84
1410233968756,5
1410233968760,4
1410233968765,4
1410233968769,4
1410233968773,4
1410233968777,4
1410233968780,3
1410233968848,67
1410233968920,72
1410233968925,5
1410233968929,4
1410233968934,4
1410233968938,3
1410233968942,3
1410233968946,4
1410233968950,4
1410233968953,3
1410233968957,3
1410233968961,3
1410233968965,4
1410233968969,4
1410233968972,3
1410233968996,23
1410233969027,30
1410233969031,31
1410233969037,5
1410233969047,12
1410233969051,3
1410233969055,4
1410233969085,30
1410233969120,34
1410233969123,3
1410233969127,3
1410233969131,4
1410233969135,4
1410233969140,4
1410233969144,4
1410233969147,3
1410233969153,5
1410233969157,4
1410233969161,4
1410233969165,4
1410233969169,4
1410233969172,3
1410233969176,3
1410233969180,4
1410233969184,4
1410233969188,4
1410233969218,30
1410233969223,4
1410233969227,3
1410233969232,4
1410233969235,4
1410233969239,4
1410233969243,4
1410233969247,4
1410233969250,3
1410233969254,4
1410233969258,4
1410233969261,3
1410233969265,3
1410233969269,3
1410233969273,3
1410233969277,4
1410233969281,4
1410233969284,3
1410233969288,3
1410233969292,4
1410233969296,4
1410233969299,3
1410233969303,3
1410233969307,3
1410233969311,4
1410233969315,4
1410233969319,4
1410233969322,4
1410233969326,4
1410233969330,4
1410233969333,3
1410233969337,3
1410233969341,4
1410233969345,4
1410233969348,3
1410233969352,3
1410233969356,4
1410233969360,4
1410233969364,4
1410233969368,4
1410233969371,3
1410233969375,4
1410233969378,3
1410233969383,3
1410233969385,3
1410233969403,16
1410233969406,17
1410233969410,4
1410233969414,4
1410233969433,19
1410233969436,3
1410233969441,3
1410233969444,4
1410233969449,4
1410233969452,5
1410233969455,3
1410233969459,4
1410233969463,4
1410233969467,4
1410233969470,3
1410233969474,4
1410233969478,4
1410233969482,4
1410233969486,4
1410233969489,3
1410233969493,3
1410233969497,3
1410233969501,4
1410233969505,4
1410233969508,3
1410233969512,4
1410233969516,4
1410233969520,4
1410233969524,4
1410233969528,4
1410233969532,4
1410233969536,4
1410233969540,4
1410233969543,3
1410233969547,3
1410233969551,3
1410233969554,3
1410233969559,3
1410233969573,15
1410233969577,4
1410233969580,3
1410233969584,3
1410233969587,4
1410233969591,4
1410233969594,3
1410233969598,3
1410233969602,4
1410233969606,4
1410233969609,3
1410233969613,3
1410233969617,4
1410233969621,4
1410233969624,3
1410233969628,3
1410233969632,4
1410233969636,4
1410233969640,4
1410233969644,3
1410233969648,4
1410233969652,4
1410233969655,3
1410233969659,3
1410233969663,4
1410233969667,4
1410233969670,3
1410233969674,3
1410233969678,4
1410233969682,4
1410233969685,3
1410233969697,11
1410233969701,4
1410233969704,3
1410233969708,4
1410233969712,4
1410233969716,4
1410233969719,3
1410233969723,3
1410233969737,14
1410233969741,4
1410233969744,3
1410233969748,3
1410233969754,4
1410233969756,4
1410233969761,3
1410233969764,4
1410233969768,4
1410233969772,4
1410233969775,3
1410233969779,4
1410233969783,4
1410233969787,4
1410233969790,3
1410233969794,3
1410233969798,3
1410233969802,4
1410233969806,4
1410233969810,4
1410233969813,3
1410233969817,3
1410233969821,3
1410233969825,4
1410233969828,3
1410233969833,4
1410233969835,3
1410233969839,3
1410233969842,4
1410233969846,4
1410233969851,4
1410233969854,3
1410233969858,3
1410233969862,4
1410233969866,4
1410233969870,4
1410233969874,4
1410233969877,3
1410233969881,3
1410233969886,5
1410233969889,3
1410233969893,3
1410233969897,4
1410233969901,4
1410233969905,4
1410233969908,3
1410233969912,4
1410233969916,4
1410233969920,4
1410233969924,4
1410233969927,3
1410233969932,4
1410233969936,4
1410233969939,4
1410233969943,4
1410233969946,3
1410233969951,4
1410233969954,3
1410233969958,4
1410233969962,4
1410233969966,4
1410233969970,4
1410233969973,3
1410233969977,3
1410233969981,4
1410233969985,4
1410233969988,3
1410233969992,3
1410233969996,3
1410233970000,4
1410233970004,4
1410233970007,3
1410233970011,4
1410233970015,4
1410233970019,4
1410233970022,3
1410233970026,3
1410233970030,4
1410233970034,4
1410233970039,3
1410233970042,4
1410233970046,4
1410233970051,5
1410233970055,4
1410233970057,3
1410233970062,3
1410233970065,4
1410233970069,4
1410233970073,4
1410233970077,3
1410233970081,3
1410233970084,4
1410233970089,4
1410233970091,4
1410233970096,3
1410233970099,4
1410233970103,3
1410233970107,5
1410233970111,4
1410233970115,4
1410233970120,3
1410233970124,4
1410233970128,4
1410233970131,4
1410233970134,3
1410233970139,3
1410233970142,4
1410233970146,4
1410233970150,4
1410233970154,4
1410233970158,4
1410233970162,4
1410233970165,3
1410233970169,4
1410233970173,4
1410233970177,4
1410233970181,4
1410233970185,4
1410233970188,3
1410233970192,4
1410233970196,4
1410233970200,4
1410233970203,3
1410233970253,50
1410233970258,4
1410233970263,4
1410233970267,4
1410233970271,4
1410233970275,3
1410233970279,3
1410233970283,3
1410233970286,4
1410233970293,7
1410233970297,4
1410233970301,4
1410233970305,4
1410233970325,20
1410233970329,4
1410233970333,3
1410233970337,4
1410233970341,4
1410233970345,4
1410233970349,4
1410233970352,3
1410233970356,3
1410233970360,4
1410233970364,4
1410233970367,3
1410233970371,3
1410233970375,4
1410233970379,4
1410233970383,4
1410233970387,4
1410233970390,4
1410233970395,3
1410233970398,4
1410233970401,3
1410233970406,5
1410233970410,4
1410233970413,3
1410233970417,3
1410233970421,4
1410233970425,4
1410233970429,4
1410233970433,4
1410233970437,4
1410233970440,3
1410233970444,3
1410233970447,3
1410233970452,3
1410233970455,4
1410233970459,3
1410233970463,3
1410233970467,4
1410233970471,4
1410233970475,4
1410233970478,3
1410233970482,3
1410233970486,4
1410233970490,4
1410233970493,3
1410233970497,3
1410233970501,4
1410233970505,4
1410233970509,4
1410233970521,12
1410233970525,4
1410233970529,4
1410233970533,4
1410233970537,4
1410233970540,3
1410233970544,4
1410233970548,4
1410233970551,3
1410233970555,3
1410233970572,17
1410233970572,13
1410233970578,3
1410233970581,4
1410233970585,4
1410233970588,3
1410233970592,3
1410233970596,3
1410233970600,3
1410233970604,4
1410233970612,7
1410233970615,7
1410233970619,4
1410233970623,4
1410233970627,4
1410233970631,4
1410233970635,4
1410233970638,3
1410233970642,3
1410233970646,3
1410233970650,3
1410233970654,3
1410233970658,4
1410233970662,4
1410233970666,4
1410233970670,4
1410233970673,3
1410233970677,3
1410233970681,3
1410233970685,4
1410233970689,4
1410233970693,4
1410233970697,4
1410233970701,4
1410233970706,4
1410233970708,4
1410233970713,3
1410233970716,4
1410233970721,3
1410233970724,4
1410233970727,3
1410233970731,3
1410233970735,3
1410233970739,4
1410233970743,4
1410233970747,4
1410233970751,4
1410233970755,4
1410233970759,4
1410233970763,4
1410233970767,4
1410233970770,3
1410233970774,3
1410233970778,3
1410233970782,3
1410233970786,4
1410233970790,4
1410233970793,3
1410233970797,4
1410233970801,4
1410233970805,4
1410233970809,4
1410233970813,4
1410233970816,3
1410233970820,4
1410233970824,4
1410233970828,4
1410233970832,4
1410233970835,3
1410233970839,4
1410233970843,4
1410233970847,4
1410233970851,4
1410233970855,4
1410233970858,3
1410233970862,4
1410233970866,4
1410233970870,4
1410233970874,4
1410233970878,4
1410233970882,4
1410233970886,4
1410233970890,4
1410233970893,3
1410233970897,3
1410233970901,3
1410233970905,4
1410233970909,4
1410233970913,4
1410233970917,4
1410233970920,3
1410233970924,4
1410233970929,4
1410233970932,5
1410233970936,4
1410233970957,21
1410233970962,5
1410233970966,4
1410233970971,5
1410233970975,4
1410233970979,4
1410233970983,4
1410233970986,3
1410233970990,3
1410233970994,4
1410233970998,4
1410233971001,3
1410233971012,10
1410233971015,3
1410233971021,4
1410233971023,4
1410233971028,3
1410233971031,4
1410233971036,3
1410233971040,5
1410233971044,4
1410233971047,3
1410233971051,3
1410233971055,5
1410233971059,4
1410233971063,4
1410233971066,3
1410233971070,3
1410233971075,5
1410233971079,4
1410233971083,4
1410233971086,3
1410233971091,4
1410233971094,4
1410233971098,4
1410233971101,3
1410233971105,4
1410233971109,4
1410233971113,4
1410233971117,4
1410233971121,4
1410233971125,4
1410233971129,4
1410233971156,26
1410233971161,5
1410233971165,4
1410233971170,5
1410233971173,3
1410233971177,4
1410233971181,4
1410233971184,3
1410233971188,3
1410233971192,4
1410233971196,4
1410233971200,4
1410233971203,3
1410233971208,4
1410233971210,3
1410233971214,3
1410233971218,4
1410233971250,32
1410233971255,5
1410233971259,5
1410233971263,4
1410233971267,3
1410233971270,4
1410233971275,4
1410233971277,4
1410233971281,3
1410233971285,3
1410233971289,4
1410233971293,4
1410233971320,27
1410233971324,4
1410233971328,4
1410233971332,4
1410233971336,4
1410233971340,4
1410233971343,3
1410233971347,3
1410233971351,4
1410233971354,3
1410233971358,3
1410233971362,4
1410233971366,4
1410233971370,4
1410233971374,4
1410233971378,4
1410233971381,3
1410233971386,3
1410233971389,4
1410233971393,4
1410233971396,3
1410233971400,3
1410233971404,4
1410233971408,4
1410233971411,3
1410233971415,4
1410233971419,4
1410233971423,4
1410233971427,4
1410233971431,4
1410233971435,4
1410233971439,4
1410233971456,17
1410233971460,3
1410233971464,4
1410233971468,4
1410233971472,4
1410233971476,4
1410233971480,4
1410233971484,4
1410233971488,4
1410233971491,3
1410233971501,9
1410233971519,24
1410233971523,4
1410233971528,4
1410233971532,4
1410233971536,4
1410233971540,4
1410233971543,3
1410233971547,3
1410233971551,3
1410233971555,3
1410233971559,4
1410233971578,19
1410233971583,5
1410233971587,4
1410233971592,5
1410233971596,4
1410233971606,10
1410233971610,3
1410233971614,3
1410233971618,3
1410233971623,5
1410233971627,4
1410233971631,4
1410233971635,4
1410233971639,4
1410233971642,3
1410233971646,3
1410233971650,3
1410233971653,4
1410233971657,4
1410233971661,4
1410233971664,3
1410233971668,3
1410233971671,3
1410233971675,3
1410233971679,4
1410233971683,4
1410233971687,4
1410233971691,3
1410233971695,4
1410233971699,4
1410233971703,4
1410233971706,3
1410233971710,3
1410233971714,4
1410233971718,4
1410233971722,4
1410233971725,4
1410233971728,3
1410233971733,3
1410233971736,4
1410233971740,4
1410233971744,4
1410233971748,4
1410233971752,4
1410233971756,4
1410233971760,4
1410233971763,3
1410233971767,3
1410233971771,3
1410233971775,3
1410233971779,4
1410233971783,3
1410233971786,3
1410233971791,3
1410233971794,4
1410233971798,3
1410233971801,4
1410233971805,3
1410233971809,4
1410233971813,4
1410233971817,4
1410233971820,3
1410233971824,4
1410233971828,4
1410233971832,4
1410233971836,4
1410233971839,3
1410233971843,3
1410233971847,4
1410233971851,4
1410233971855,3
1410233971858,4
1410233971862,4
1410233971866,4
1410233971870,4
1410233971874,4
1410233971878,4
1410233971882,4
1410233971886,4
1410233971889,3
1410233971894,4
1410233971900,6
1410233971904,4
1410233971908,4
1410233971912,4
1410233971916,4
1410233971920,4
1410233971924,4
1410233971928,4
1410233971932,4
1410233971935,3
1410233971939,4
1410233971943,4
1410233971948,4
1410233971953,5
1410233971957,4
1410233971961,4
1410233971965,4
1410233971969,4
1410233971973,4
1410233971976,3
1410233971980,3
1410233971984,4
1410233971988,4
1410233971992,4
1410233971995,3
1410233972016,20
1410233972020,4
1410233972023,3
1410233972026,3
1410233972031,3
1410233972034,4
1410233972037,3
1410233972042,3
1410233972045,4
1410233972062,17
1410233972067,5
1410233972071,4
1410233972076,4
1410233972110,34
1410233972114,3
1410233972119,4
1410233972121,4
1410233972126,3
1410233972128,3
1410233972132,3
1410233972136,4
1410233972140,4
1410233972144,4
1410233972148,4
1410233972152,4
1410233972156,4
1410233972159,3
1410233972163,4
1410233972176,13
1410233972181,4
1410233972183,3
1410233972187,3
1410233972190,3
1410233972194,3
1410233972198,3
1410233972202,4
1410233972206,4
1410233972209,3
1410233972213,3
1410233972217,4
1410233972221,4
1410233972224,3
1410233972228,3
1410233972232,4
1410233972236,4
1410233972240,4
1410233972247,7
1410233972251,4
1410233972255,4
1410233972259,4
1410233972262,3
1410233972266,3
1410233972270,4
1410233972274,4
1410233972277,3
1410233972281,3
1410233972285,4
1410233972288,3
1410233972293,3
1410233972295,3
1410233972300,3
1410233972303,4
1410233972307,3
1410233972310,4
1410233972314,4
1410233972318,4
1410233972321,3
1410233972325,3
1410233972329,4
1410233972333,4
1410233972337,4
1410233972340,3
1410233972344,3
1410233972348,4
1410233972352,4
1410233972356,4
1410233972359,3
1410233972363,3
1410233972366,4
1410233972370,3
1410233972373,4
1410233972377,4
1410233972381,4
1410233972385,3
1410233972389,3
1410233972395,6
1410233972399,4
1410233972403,4
1410233972407,4
1410233972410,3
1410233972414,3
1410233972425,11
1410233972429,4
1410233972441,12
1410233972445,4
1410233972449,4
1410233972452,3
1410233972456,3
1410233972460,4
1410233972464,4
1410233972467,3
1410233972471,4
1410233972475,4
1410233972479,4
1410233972482,3
1410233972487,4
1410233972490,3
1410233972495,3
1410233972497,3
1410233972502,3
1410233972505,4
1410233972509,3
1410233972513,3
1410233972529,17
1410233972547,18
1410233972552,5
1410233972556,4
1410233972560,4
1410233972564,3
1410233972568,4
1410233972572,3
1410233972576,3
1410233972580,4
1410233972584,4
1410233972608,24
1410233972612,4
1410233972616,4
1410233972620,4
1410233972623,3
1410233972627,3
1410233972630,4
1410233972634,3
1410233972638,4
1410233972642,4
1410233972646,4
1410233972650,4
1410233972653,3
1410233972657,3
1410233972661,4
1410233972665,4
1410233972668,3
1410233972672,3
1410233972676,4
1410233972680,4
1410233972683,3
1410233972687,3
1410233972691,4
1410233972695,4
1410233972699,4
1410233972709,10
1410233972713,4
1410233972717,4
1410233972721,4
1410233972725,4
1410233972729,4
1410233972732,3
1410233972736,4
1410233972741,4
1410233972743,4
1410233972747,3
1410233972751,3
1410233972754,4
1410233972758,4
1410233972762,4
1410233972765,3
1410233972769,3
1410233972773,3
1410233972777,4
1410233972781,4
1410233972785,4
1410233972788,3
1410233972792,4
1410233972796,4
1410233972800,4
1410233972803,3
1410233972807,3
1410233972811,3
1410233972815,4
1410233972819,4
1410233972823,4
1410233972826,3
1410233972830,3
1410233972834,4
1410233972837,3
1410233972842,3
1410233972845,4
1410233972849,4
1410233972853,4
1410233972857,4
1410233972860,3
1410233972864,3
1410233972868,3
1410233972871,4
1410233972875,4
1410233972879,4
1410233972882,3
1410233972886,3
1410233972890,4
1410233972894,4
1410233972898,4
1410233972909,11
1410233972913,4
1410233972917,4
1410233972921,4
1410233972925,3
1410233972928,2
1410233972933,3
1410233972936,3
1410233972940,3
1410233972944,4
1410233972948,4
1410233972951,3
1410233972955,3
1410233972959,3
1410233972963,3
1410233972967,4
1410233972971,4
1410233972975,4
1410233972979,4
1410233972982,3
1410233972986,3
1410233972990,4
1410233973015,25
1410233973020,5
1410233973024,4
1410233973029,5
1410233973033,4
1410233973038,4
1410233973042,4
1410233973045,3
1410233973049,4
1410233973052,3
1410233973057,3
1410233973076,20
1410233973081,5
1410233973085,4
1410233973089,3
1410233973094,3
1410233973097,4
1410233973101,4
1410233973105,4
1410233973109,4
1410233973113,4
1410233973116,3
1410233973120,3
1410233973123,3
1410233973128,3
1410233973131,4
1410233973135,4
1410233973139,4
1410233973143,4
1410233973147,4
1410233973150,3
1410233973154,4
1410233973158,4
1410233973161,3
1410233973165,3
1410233973169,3
1410233973187,17
1410233973190,18
1410233973194,3
1410233973197,4
1410233973202,4
1410233973205,5
1410233973208,3
1410233973212,3
1410233973216,4
1410233973220,4
1410233973223,3
1410233973227,3
1410233973231,4
1410233973235,4
1410233973238,3
1410233973242,3
1410233973256,14
1410233973260,3
1410233973264,3
1410233973268,4
1410233973272,4
1410233973276,4
1410233973279,3
1410233973284,3
1410233973287,4
1410233973292,4
1410233973294,4
1410233973299,3
1410233973302,4
1410233973306,3
1410233973309,4
1410233973313,4
1410233973317,4
1410233973321,4
1410233973324,3
1410233973328,3
1410233973332,3
1410233973336,4
1410233973339,3
1410233973343,3
1410233973347,4
1410233973351,3
1410233973355,4
1410233973359,4
1410233973363,4
1410233973367,4
1410233973371,4
1410233973375,4
1410233973378,3
1410233973383,3
1410233973386,4
1410233973390,4
1410233973394,4
1410233973398,4
1410233973402,4
1410233973405,3
1410233973409,3
1410233973413,4
1410233973416,3
1410233973420,3
1410233973423,4
1410233973427,3
1410233973453,26
1410233973457,4
1410233973462,4
1410233973466,4
1410233973470,3
1410233973474,3
1410233973478,3
1410233973482,4
1410233973485,3
1410233973490,3
1410233973493,4
1410233973496,3
1410233973501,3
1410233973504,4
1410233973521,17
1410233973526,5
1410233973530,4
1410233973534,4
1410233973538,3
1410233973542,4
1410233973547,5
1410233973550,3
1410233973554,3
1410233973558,4
1410233973565,7
1410233973569,4
1410233973573,4
1410233973576,3
1410233973581,4
1410233973585,4
1410233973588,3
1410233973614,25
1410233973617,26
1410233973640,23
1410233973644,4
1410233973647,3
1410233973651,4
1410233973655,4
1410233973659,4
1410233973663,4
1410233973666,3
1410233973670,3
1410233973673,3
1410233973677,3
1410233973681,4
1410233973685,4
1410233973689,4
1410233973693,4
1410233973697,4
1410233973700,3
1410233973704,4
1410233973708,4
1410233973711,3
1410233973715,3
1410233973719,4
1410233973723,4
1410233973727,4
1410233973731,4
1410233973734,3
1410233973738,3
1410233973742,4
1410233973746,4
1410233973749,4
1410233973753,4
1410233973757,4
1410233973761,5
1410233973764,3
1410233973768,3
1410233973772,4
1410233973776,4
1410233973782,6
1410233973785,3
1410233973789,3
1410233973793,3
1410233973796,3
1410233973800,3
1410233973803,3
1410233973807,3
1410233973811,4
1410233973815,4
1410233973818,3
1410233973822,3
1410233973825,3
1410233973829,4
1410233973833,4
1410233973837,4
1410233973841,4
1410233973845,4
1410233973848,3
1410233973852,3
1410233973856,3
1410233973860,4
1410233973863,3
1410233973867,3
1410233973870,3
1410233973874,4
1410233973878,4
1410233973882,4
1410233973886,4
1410233973889,3
1410233973892,2
1410233973897,3
1410233973900,4
1410233973903,3
1410233973907,4
1410233973911,3
1410233973914,4
1410233973918,4
1410233973922,4
1410233973926,4
1410233973930,4
1410233973934,4
1410233973937,3
1410233973942,4
1410233973946,4
1410233973949,3
1410233973953,4
1410233973957,4
1410233973961,4
1410233973965,4
1410233973968,3
1410233973972,3
1410233973975,3
1410233973979,3
1410233974032,52
1410233974036,4
1410233974040,4
1410233974044,4
1410233974048,4
1410233974052,4
1410233974055,3
1410233974059,3
1410233974063,4
1410233974067,4
1410233974071,4
1410233974074,3
1410233974078,4
1410233974083,3
1410233974085,4
1410233974090,4
1410233974094,4
1410233974097,3
1410233974101,3
1410233974105,4
1410233974109,4
1410233974112,3
1410233974116,3
1410233974120,4
1410233974124,4
1410233974128,4
1410233974132,4
1410233974135,3
1410233974139,4
1410233974143,4
1410233974147,4
1410233974151,3
1410233974155,3
1410233974159,4
1410233974163,4
1410233974166,3
1410233974170,3
1410233974174,4
1410233974177,3
1410233974181,3
1410233974184,3
1410233974188,3
1410233974191,4
1410233974196,4
1410233974199,4
1410233974202,3
1410233974206,4
1410233974209,3
1410233974213,3
1410233974217,4
1410233974221,4
1410233974225,4
1410233974235,10
1410233974249,13
1410233974253,4
1410233974256,3
1410233974260,3
1410233974264,4
1410233974268,4
1410233974272,4
1410233974275,3
1410233974279,4
1410233974283,4
1410233974287,4
1410233974291,4
1410233974308,17
1410233974313,5
1410233974317,4
1410233974322,5
1410233974326,4
1410233974329,3
1410233974333,4
1410233974337,4
1410233974341,4
1410233974345,4
1410233974348,3
1410233974352,3
1410233974368,15
1410233974373,5
1410233974377,4
1410233974382,5
1410233974385,3
1410233974390,4
1410233974392,3
1410233974403,10
1410233974406,11
1410233974422,15
1410233974425,15
1410233974430,3
1410233974434,5
1410233974438,4
1410233974442,4
1410233974446,4
1410233974458,12
1410233974462,4
1410233974467,4
1410233974471,4
1410233974475,3
1410233974479,3
1410233974482,4
1410233974486,3
1410233974490,4
1410233974494,4
1410233974512,18
1410233974517,5
1410233974522,5
1410233974526,4
1410233974551,25
1410233974555,4
1410233974559,3
1410233974563,4
1410233974567,4
1410233974571,4
1410233974574,3
1410233974578,3
1410233974582,4
1410233974586,4
1410233974590,4
1410233974593,3
1410233974597,4
1410233974601,4
1410233974605,4
1410233974608,3
1410233974612,3
1410233974616,4
1410233974620,4
1410233974625,5
1410233974628,3
1410233974632,3
1410233974636,4
1410233974640,3
1410233974643,4
1410233974647,4
1410233974651,3
1410233974655,4
1410233974659,4
1410233974662,3
1410233974666,3
1410233974685,17
1410233974687,17
1410233974691,3
1410233974695,3
1410233974699,3
1410233974703,4
1410233974707,4
1410233974711,4
1410233974715,4
1410233974718,3
1410233974722,3
1410233974726,4
1410233974730,4
1410233974734,4
1410233974738,4
1410233974741,3
1410233974745,3
1410233974749,3
1410233974753,4
1410233974757,4
1410233974761,4
1410233974765,4
1410233974768,3
1410233974772,4
1410233974776,4
1410233974781,3
1410233974784,4
1410233974788,4
1410233974791,3
1410233974795,3
1410233974799,3
1410233974803,3
1410233974807,4
1410233974811,4
1410233974814,3
1410233974818,3
1410233974841,23
1410233974845,4
1410233974849,4
1410233974853,4
1410233974856,3
1410233974860,3
1410233974886,26
1410233974891,5
1410233974896,5
1410233974901,5
1410233974905,4
1410233974910,5
1410233974915,5
1410233974919,4
1410233974922,3
1410233974926,3
1410233974930,4
1410233974934,4
1410233974938,4
1410233974942,4
1410233974945,3
1410233974949,3
1410233974953,3
1410233974958,5
1410233974962,4
1410233974966,4
1410233974969,3
1410233974973,3
1410233974977,4
1410233974981,4
1410233974985,4
1410233975001,16
1410233975005,4
1410233975009,4
1410233975013,4
1410233975017,4
1410233975041,24
1410233975046,4
1410233975049,3
1410233975053,3
1410233975057,4
1410233975061,4
1410233975064,3
1410233975068,4
1410233975072,4
1410233975076,4
1410233975079,3
1410233975083,4
1410233975087,4
1410233975090,3
1410233975094,3
1410233975116,21
1410233975122,6
1410233975127,5
1410233975132,5
1410233975136,4
1410233975140,4
1410233975144,4
1410233975148,4
1410233975151,3
1410233975155,3
1410233975159,4
1410233975162,3
1410233975168,5
1410233975170,4
1410233975175,3
1410233975177,3
1410233975182,3
1410233975185,4
1410233975189,4
1410233975192,3
1410233975197,4
1410233975220,23
1410233975224,4
1410233975228,4
1410233975232,4
1410233975236,4
1410233975240,4
1410233975244,4
1410233975248,4
1410233975251,3
1410233975255,3
1410233975259,4
1410233975263,4
1410233975267,4
1410233975270,3
1410233975274,4
1410233975278,4
1410233975305,27
1410233975309,4
1410233975312,3
1410233975316,3
1410233975320,4
1410233975324,4
1410233975327,3
1410233975331,3
1410233975335,4
1410233975339,4
1410233975343,4
1410233975360,17
1410233975366,6
1410233975369,3
1410233975373,3
1410233975377,3
1410233975380,4
1410233975383,3
1410233975399,14
1410233975401,14
1410233975405,3
1410233975409,5
1410233975412,3
1410233975416,4
1410233975419,3
1410233975424,3
1410233975427,4
1410233975431,4
1410233975435,4
1410233975439,4
1410233975442,3
1410233975446,3
1410233975450,3
1410233975454,4
1410233975458,4
1410233975462,4
1410233975466,4
1410233975469,3
1410233975473,4
1410233975477,4
1410233975480,3
1410233975484,4
1410233975488,4
1410233975491,3
1410233975506,14
1410233975510,4
1410233975514,4
1410233975518,4
1410233975522,4
1410233975526,4
1410233975529,3
1410233975534,3
1410233975537,4
1410233975541,4
1410233975545,4
1410233975548,3
1410233975552,3
1410233975556,4
1410233975560,4
1410233975564,4
1410233975578,14
1410233975603,25
1410233975607,4
1410233975610,3
1410233975614,3
1410233975618,4
1410233975622,4
1410233975626,4
1410233975630,4
1410233975634,4
1410233975637,3
1410233975641,3
1410233975649,7
1410233975653,4
1410233975656,3
1410233975661,3
1410233975664,4
1410233975668,4
1410233975671,3
1410233975675,3
1410233975679,3
1410233975683,4
1410233975687,4
1410233975691,4
1410233975694,3
1410233975698,3
1410233975702,4
1410233975706,4
1410233975725,19
